NATHAN,1,EMMA
ETHAN,2,EMILY
JOSHUA,3,MADISON
JACOB,4,ABIGAIL
RYAN,5,SARAH
NICHOLAS,6,MACKENZIE
BRADY,7,OLIVIA
LOGAN,8,HANNAH
NOAH,9,CHLOE
DYLAN,10,JENNA
MATTHEW,11,BRIANNA
KYLE,12,MEGAN
LIAM,13,JESSICA
DANIEL,14,KAITLYN
BENJAMIN,15,HAILEY
ANDREW,16,JULIA
MICHAEL,17,HAYLEY
WILLIAM,18,RACHEL
RILEY,19,FAITH
CAMERON,20,LAUREN
ALEXANDER,21,TAYLOR
BRANDON,22,BROOKE
ZACHARY,23,ANNA
JACK,24,SAMANTHA
EVAN,25,MORGAN
JAMES,26,VICTORIA
BLAKE,27,ERICA
LUCAS,28,ALEXIS
TYLER,29,REBECCA
THOMAS,30,AMBER
AARON,31,KATIE
DAWSON,32,SARA
CODY,33,ASHLEY
DAVID,34,LAURA
CHRISTOPHER,35,BROOKLYN
SAMUEL,36,ALICIA
PATRICK,37,ISABELLA
CONNOR,38,GRACE
COLE,39,AMY
JONATHAN,40,SYDNEY
ADAM,41,ERIN
MASON,42,JASMINE
JORDAN,43,ALYSSA
GAVIN,44,LEAH
AUSTIN,45,MARIA
COLBY,46,CLAIRE
JAYDEN,47,GRACIE
CALEB,48,AMELIA
LUKE,49,ALLISON
HUNTER,50,KATE
SPENCER,51,MARY
MARCUS,52,NATALIE
ERIC,53,MEGHAN
ISAAC,54,CASSIDY
JOSEPH,55,DANIELLE
KEEGAN,56,STEPHANIE
ASHTON,57,JADE
JOHN,58,TAMARA
MORGAN,59,KYLIE
OWEN,60,ELIZABETH
JUSTIN,61,ROBYN
TRAVIS,62,CAROLINE
COLIN,63,MAKAYLA
SHAWN,64,JULIE
AIDAN,65,KATELYN
CARTER,66,SUMMER
ANTHONY,67,SHELBY
DEVON,68,HEATHER
GABRIEL,69,COURTNEY
BRIAN,70,CASSIE
ALEX,71,HOLLY
SHANE,72,SHANNON
MITCHELL,73,SOPHIA
JARED,74,TORI
MARK,75,PAIGE
BRADLEY,76,ALEXANDRA
KALEB,77,KENNEDY
SEAN,78,NIKITA
DEVIN,79,HALEY
ROBERT,80,LILY
NATHANIEL,81,MCKENNA
BRADEN,82,ANDREA
PETER,83,MONICA
TYSON,84,BREANNA
JADEN,85,AMANDA
LANDON,86,MELISSA
BRETT,87,KATHLEEN
JACKSON,88,KRISTEN
DOMINIC,89,MCKENZIE
CHRISTIAN,90,ALEXANDRIA
BRAYDEN,91,CHEYENNE
ISAIAH,92,CHELSEA
RICHARD,93,KAILEY
AIDEN,94,HAILEE
JASON,95,OCEAN
COLTON,96,SHAWNA
BRODY,97,KAYLEE
ZANDER,98,KATHERINE
DUSTIN,99,CATHERINE
JEFFREY,100,JENNIFER
ETHAN,1,MADISON
RYAN,2,EMMA
NATHAN,3,EMILY
JACOB,4,ABIGAIL
JOSHUA,5,CHLOE
RILEY,6,HANNAH
NICHOLAS,7,SARAH
CAMERON,8,MACKENZIE
NOAH,9,OLIVIA
LOGAN,10,JENNA
ANDREW,11,BRIANNA
MATTHEW,12,HAILEY
BRADY,13,JESSICA
ALEXANDER,14,AMBER
LUCAS,15,MEGAN
EVAN,16,BROOKE
JACK,17,LEAH
ZACHARY,18,AMY
TYLER,19,CLAIRE
KYLE,20,RACHEL
DANIEL,21,FAITH
LIAM,22,JULIA
BENJAMIN,23,BROOKLYN
SAMUEL,24,KAITLYN
WILLIAM,25,VICTORIA
MICHAEL,26,REBECCA
LUKE,27,LAUREN
COLBY,28,SARA
DYLAN,29,ISABELLA
ALEX,30,ANNA
GAVIN,31,MORGAN
ADAM,32,KATIE
BRANDON,33,SAMANTHA
ASHTON,34,LAURA
JAMES,35,TAYLOR
OWEN,36,GRACE
THOMAS,37,KATHERINE
JORDAN,38,NATALIE
ETHAN,1,EMMA
JACOB,2,MADISON
NATHAN,3,CHLOE
RYAN,4,JENNA
NOAH,5,SARAH
JOSHUA,6,EMILY
MATTHEW,7,ABIGAIL
RILEY,8,HAILEY
LOGAN,9,BROOKLYN
ALEXANDER,10,HANNAH
EVAN,11,AMBER
CAMERON,12,GRACE
NICHOLAS,13,JULIA
MICHAEL,14,MORGAN
ANDREW,15,OLIVIA
BRADY,16,REBECCA
LUCAS,17,AVA
ADAM,18,MACKENZIE
LIAM,19,SARA
JACK,20,ALYSSA
TYLER,21,ANNA
ZACHARY,22,CLAIRE
SAMUEL,23,JESSE
WILLIAM,24,KAITLYN
DYLAN,25,RACHEL
KYLE,26,KATIE
DANIEL,27,LAUREN
BENJAMIN,28,LEAH
CONNOR,29,JESSICA
TAYLOR,30,SAMANTHA
JAMES,31,MARIA
CARTER,32,BROOKE
THOMAS,33,MEGAN
AARON,34,ASHLEY
CHRISTOPHER,35,BRIANNA
BRANDON,36,HAYLEY
JAYDEN,37,JASMINE
OWEN,38,KATELYN
ASHTON,39,ELLA
LUKE,40,NATALIE
COLE,41,PAIGE
COLBY,42,SOPHIE
JONATHAN,43,ABBY
JORDAN,44,HOPE
CALEB,45,MAKAYLA
DAVID,46,ALEXANDRA
FAITH,47,ALEXIS
JADEN,48,CHELSEA
HUNTER,49,ERICA
TYSON,50,ERIN
BRADLEY,51,HALEY
BRAYDEN,52,KYLIE
JOSEPH,53,LILY
MARK,54,DAKOTA
PATRICK,55,GEORGIA
AIDAN,56,ISABELLA
AIDEN,57,JORJA
GAVIN,58,MOLLY
JACKSON,59,AMY
MARCUS,60,ANNIE
BLAKE,61,DESTINY
COLIN,62,JADA
DEVIN,63,KATE
ERIC,64,KAYLEE
ISAAC,65,LAURA
KALAN,66,SOPHIA
PETER,67,ALLIE
SPENCER,68,CASSIE
ALEX,69,CHRISTINA
AUSTIN,70,COURTNEY
CARSON,71,GABRIELLE
DAWSON,72,GRACIE
JOEL,73,HEIDI
TRAVIS,74,HILARY
AVERY,75,JANE
CADEN,76,KEIRA
CHASE,77,MARY
CODY,78,MIRANDA
JAKE,79,SYDNEY
KEVIN,80,HEATHER
MAXWELL,81,JULIE
IAN,82,KENDRA
JAMIE,83,KYRA
JOHN,84,MELISSA
JONAH,85,SAVANNAH
KADEN,86,STEPHANIE
KEEGAN,87,ALEXA
MITCHELL,88,ALICIA
NATHANIEL,89,BELLA
PARKER,90,BREANNA
ROBERT,91,CAITLYN
SHELBY,92,CALLIE
ZACHERY,93,CARLY
ZOE,94,CAROLINE
ANTHONY,95,CASSIDY
BAILEY,96,CHARLOTTE
BETHANY,97,CHEYANNE
BRADEN,98,CHEYENNE
BRODY,99,DANIELLE
DAMIEN,100,ELIZABETH
NOAH,1,EMMA
LOGAN,2,MADISON
NATHAN,3,ABIGAIL
MATTHEW,4,SARAH
ETHAN,5,BROOKLYN
NICHOLAS,6,CLAIRE
RYAN,7,EMILY
JACOB,8,OLIVIA
JOSHUA,9,HANNAH
EVAN,10,CHLOE
DANIEL,11,ANNA
JACK,12,JENNA
LUCAS,13,REBECCA
RILEY,14,JULIA
JAMES,15,JESSICA
BENJAMIN,16,LAUREN
LIAM,17,RACHEL
LUKE,18,MACKENZIE
ALEXANDER,19,BRIANNA
CARTER,20,PAIGE
TYLER,21,BROOKE
CAMERON,22,GRACE
ANDREW,23,LEAH
BRADY,24,KATIE
ZACHARY,25,AVA
GAVIN,26,MARIA
WILLIAM,27,ALYSSA
OWEN,28,MORGAN
DYLAN,29,AMBER
JAYDEN,30,FAITH
KYLE,31,HAILEY
BRANDON,32,SAMANTHA
PATRICK,33,TAYLOR
ADAM,34,ISABELLA
THOMAS,35,LILY
CONNOR,36,KAITLYN
MICHAEL,37,GEORGIA
LANDON,38,MEGAN
ASHTON,39,SOPHIE
COLE,40,DAKOTA
JESSE,41,ASHLEY
AUSTIN,42,KATE
SAMUEL,43,SHELBY
DEVON,44,JADA
JACKSON,45,SARA
DAWSON,46,ELIZABETH
ALEX,47,MAKAYLA
KEEGAN,48,MYA
AARON,49,SUMMER
MASON,50,KATELYN
DAVID,51,KIERA
BRAYDEN,52,KENDRA
BLAKE,53,BETHANY
AIDEN,54,KEIRA
COLBY,55,CHARLOTTE
ISAAC,56,JANE
JOSEPH,57,KAYLEE
CHRISTOPHER,58,AMY
HUNTER,59,MAGGIE
CODY,60,KELSEY
PARKER,61,KATHRYN
SPENCER,62,MELISSA
ERIC,63,HALEY
TRISTAN,64,ALEXIS
NATHANIEL,65,CHELSEA
CHARLES,66,HAYLEY
CALEB,67,RACHAEL
GABRIEL,68,ELLA
JOHN,69,ERICA
JUSTIN,70,DANIELLE
IAN,71,ABBY
ROBERT,72,SYDNEY
BRODY,73,MIA
CHRISTIAN,74,SAVANNAH
JAKE,75,PEYTON
KADEN,76,JASMINE
MITCHELL,77,ZOEY
SIMON,78,MIRANDA
JONATHAN,79,ISABELLE
COLTON,80,KARA
STEPHEN,81,HOLLY
BRADEN,82,BAILEY
PETER,83,GABRIELLE
JONAH,84,KYLIE
DAMIEN,85,KYRA
CARSON,86,JADE
AIDAN,87,GRACIE
SEAN,88,ALEXANDRA
MARCUS,89,LILLIAN
JORDAN,90,KENNEDY
MARK,91,ALICIA
BRADLEY,92,AMELIA
ZACHERY,93,CARLY
COLIN,94,AVERY
LANDEN,95,HAYLEE
JADEN,96,LAURA
TYSON,97,NEVAEH
JAXON,98,MARISSA
TY,99,REAGAN
KOLBY,100,NATALIE
NOAH,1,SARAH
LOGAN,2,MADISON
ETHAN,3,EMMA
NATHAN,4,ABIGAIL
JACK,5,CHLOE
JACOB,6,HANNAH
MATTHEW,7,AVA
BENJAMIN,8,OLIVIA
RYAN,9,EMILY
ALEXANDER,10,BROOKLYN
NICHOLAS,11,CLAIRE
GAVIN,12,GRACE
JAYDEN,13,ALYSSA
CAMERON,14,RACHEL
DANIEL,15,MACKENZIE
JOSHUA,16,BRIANNA
JAMES,17,ISABELLA
BRADY,18,KATIE
CARTER,19,JULIA
LIAM,20,HAILEY
ANDREW,21,BROOKE
LUCAS,22,AMBER
DAWSON,23,MYA
COLE,24,ANNA
SAMUEL,25,JASMINE
RILEY,26,SOPHIA
MICHAEL,27,LAUREN
JACKSON,28,SOPHIE
BRAYDEN,29,LEAH
KYLE,30,SAMANTHA
ZACHARY,31,LILY
WILLIAM,32,MEGAN
TYLER,33,ALEXIS
OWEN,34,REBECCA
ADAM,35,KYLIE
LANDON,36,GRACIE
LUKE,37,AVERY
JORDAN,38,ELLA
PARKER,39,SARA
DYLAN,40,JORJA
EVAN,41,MORGAN
DAVID,42,KATE
THOMAS,43,KAITLYN
AIDAN,44,JESSICA
AARON,45,KENDRA
ISAAC,46,GEORGIA
JAXON,47,PAIGE
JADEN,48,AMELIA
PATRICK,49,CHELSEA
BRANDON,50,LAURA
HUNTER,51,MAGGIE
BLAKE,52,JENNA
KADEN,53,CHARLOTTE
AIDEN,54,NATALIE
BRODY,55,ISABELLE
AUSTIN,56,ERICA
MASON,57,FAITH
TRISTAN,58,MARIA
ASHTON,59,HAYLEY
SPENCER,60,KEIRA
JAKE,61,TAYLOR
CONNOR,62,ZOE
TANNER,63,BROOKLYNN
RYLAN,64,ALEXANDRA
TYSON,65,ELIZABETH
CHASE,66,KENNEDY
CALEB,67,HALEY
JOHN,68,KAYLEE
ALEX,69,ERIN
JESSE,70,RACHAEL
CODY,71,AMY
CARSON,72,KATHERINE
KEEGAN,73,SUMMER
CHRISTOPHER,74,JADA
JAXSON,75,ZOEY
DREW,76,CIARA
GABRIEL,77,BREANNA
ISAIAH,78,NORAH
JUSTIN,79,ABBY
IAN,80,CHRISTINA
ERIC,81,MAKAYLA
BRADLEY,82,CARLY
RYDER,83,JULIE
BEN,84,JANE
JONAH,85,KATELYN
DOMINIC,86,NEVAEH
NOLAN,87,MIA
JOEL,88,MARISSA
JARED,89,MEGHAN
COLBY,90,MARGARET
ROBERT,91,HEIDI
CHARLES,92,GABRIELLE
JOSEPH,93,ADDISON
TRISTEN,94,MOLLY
PETER,95,CAROLINE
CHRISTIAN,96,MADELINE
PRESTON,97,SIERRA
SCOTT,98,ALLISON
NICOLAS,99,CHEYENNE
CHAD,100,VANESSA
LOGAN,1,AVA
JACOB,2,ABIGAIL
NATHAN,3,CHLOE
ETHAN,4,SARAH
NOAH,5,CLAIRE
LIAM,6,MADISON
JACK,7,EMMA
JAMES,8,OLIVIA
BENJAMIN,9,PEYTON
CAMERON,10,BROOKLYN
JAYDEN,11,EMILY
RILEY,12,LEAH
WILLIAM,13,SOPHIE
ALEXANDER,14,HANNAH
DANIEL,15,ISABELLA
RYAN,16,LILY
ANDREW,17,PAIGE
COLE,18,ALEXIS
BRADY,19,MACKENZIE
GAVIN,20,KATIE
JOSHUA,21,SOPHIA
LUCAS,22,GRACE
CONNOR,23,HAILEY
EVAN,24,TAYLOR
OWEN,25,GRACIE
AIDEN,26,RACHEL
BRAYDEN,27,JULIA
CARTER,28,MORGAN
HUNTER,29,KAYLEE
ZACHARY,30,AMBER
MICHAEL,31,ANNA
NICHOLAS,32,BROOKE
JACKSON,33,BRIANNA
LUKE,34,ISABELLE
BLAKE,35,NATALIE
LANDON,36,ELLA
MATTHEW,37,KEIRA
SAMUEL,38,KYLIE
PARKER,39,LAUREN
AARON,40,MIA
DYLAN,41,ALYSSA
JESSE,42,JORJA
ALEX,43,KATE
JAXON,44,MYA
ASHTON,45,SARA
ISAAC,46,SUMMER
JAKE,47,VICTORIA
RYDER,48,ZOE
THOMAS,49,AVERY
BRODY,50,REBECCA
ADAM,51,ADDISON
CALEB,52,AMY
CHASE,53,CHELSEA
CHRISTOPHER,54,FAITH
JORDAN,55,GEORGIA
KEEGAN,56,JADA
BRANDON,57,KAITLYN
DAWSON,58,MARIA
KYLE,59,PAYTON
AUSTIN,60,ALEXA
COLBY,61,BROOKLYNN
JAXSON,62,ELIZABETH
MASON,63,JASMINE
SPENCER,64,JENNA
TYSON,65,JESSICA
DAVID,66,JULIE
JONATHAN,67,KATELYN
MARCUS,68,LACEY
PATRICK,69,LYDIA
AIDAN,70,BRIDGET
CARSON,71,CATHERINE
CHARLES,72,CHARLOTTE
CODY,73,HOPE
DOMINIC,74,LILLY
HAYDEN,75,MAGGIE
JADEN,76,MEGAN
JOHN,77,RACHAEL
KAYDEN,78,SIERRA
ROBERT,79,ABBY
TRISTAN,80,ALLIE
TYLER,81,AMELIA
COLIN,82,DAKOTA
PRESTON,83,ERIN
STEPHEN,84,KARA
CAYDEN,85,KIRA
IAN,86,MARISSA
ISAIAH,87,MAYA
JOEL,88,MILEY
KAIDEN,89,MIRANDA
LUKAS,90,RIHANNA
NOLAN,91,SHELBY
PEYTON,92,SYDNEY
TANNER,93,ALICIA
JOEY,94,ALLISON
JOSEPH,95,ALLY
KOBY,96,CALLIE
MAX,97,CARLY
MITCHELL,98,CIARA
MORGAN,99,HALEY
ZACHERY,100,HEIDI
LIAM,1,EMMA
ETHAN,2,CHLOE
NOAH,3,AVA
LOGAN,4,EMILY
JACOB,5,OLIVIA
NATHAN,6,LEAH
JACK,7,SOPHIE
ALEXANDER,8,CLAIRE
JAYDEN,9,ANNA
RYAN,10,MADISON
BENJAMIN,11,LILY
CARTER,12,BROOKLYN
RILEY,13,KATIE
RYDER,14,SARAH
MATTHEW,15,ABIGAIL
NICHOLAS,16,AVERY
AIDEN,17,HANNAH
EVAN,18,ISABELLA
JOSHUA,19,PAIGE
CALEB,20,ELLA
JAMES,21,ALEXIS
OWEN,22,BROOKE
WILLIAM,23,NEVAEH
SAMUEL,24,JULIA
GAVIN,25,MACKENZIE
LUCAS,26,MYA
MICHAEL,27,SOPHIA
CAMERON,28,KEIRA
BLAKE,29,RACHEL
BRADY,30,GRACE
JAXON,31,JENNA
LANDON,32,LAUREN
LUKE,33,PEYTON
MASON,34,SYDNEY
ANDREW,35,HAILEY
DANIEL,36,TAYLOR
COLE,37,ALLISON
CONNOR,38,CHARLOTTE
JOHN,39,MIA
ALEX,40,BRIANNA
CHASE,41,FAITH
JACKSON,42,GRACIE
ISAAC,43,JORJA
ZACHARY,44,KATE
JESSE,45,NATALIE
AUSTIN,46,SUMMER
BRAYDEN,47,ADDISON
DAWSON,48,AMBER
HUNTER,49,BROOKLYNN
PARKER,50,GEORGIA
ADAM,51,MARIA
ASHTON,52,REBECCA
JAKE,53,JADA
THOMAS,54,KENDRA
BRODY,55,AMELIA
GABRIEL,56,BELLA
MARCUS,57,HEIDI
CARSON,58,JASMINE
COLIN,59,KAYLEE
JADEN,60,MORGAN
MAXWELL,61,PAYTON
TYLER,62,SAMANTHA
DYLAN,63,ZOE
LELAND,64,ZOEY
PATRICK,65,ALYSSA
TRISTAN,66,CALLIE
AARON,67,CARLY
CHRISTOPHER,68,CHEYENNE
COLBY,69,VICTORIA
JAXSON,70,WILLOW
JONATHAN,71,ALEXA
KAIDEN,72,ALICIA
KYLE,73,ALLIE
MADDOX,74,CHELSEA
SETH,75,CIARA
AIDAN,76,ELIZABETH
BRANDON,77,ERIN
JORDAN,78,HALEY
KADEN,79,HOLLY
KEEGAN,80,JESSICA
MAX,81,KATELYN
MITCHELL,82,LAILA
OLIVER,83,MILEY
SPENCER,84,RACHAEL
TYSON,85,REESE
ANTHONY,86,SARA
DAVID,87,SAVANNAH
DUSTIN,88,SIERRA
GRIFFIN,89,ALIYAH
HENRY,90,ANNABELLE
JOEL,91,ARIANNA
PRESTON,92,DAKOTA
REID,93,DESTINY
ROBERT,94,ERICA
RYLAN,95,HOPE
BEN,96,ISLA
CADEN,97,KAITLYN
CAYDEN,98,KATHERINE
CHARLES,99,KYLIE
CHARLIE,100,LACEY
EMMA,1,JACOB
LEAH,2,LIAM
MADISON,3,LOGAN
CHLOE,4,CARTER
CLAIRE,5,ETHAN
AVA,6,BENJAMIN
SOPHIE,7,LUCAS
OLIVIA,8,NATHAN
ANNA,9,RYDER
BROOKLYN,10,JAMES
LILY,11,OWEN
ISABELLA,12,CAMERON
EMILY,13,NOAH
SOPHIA,14,JAYDEN
SARAH,15,CHASE
PEYTON,16,JOSHUA
ABIGAIL,17,JACK
CHARLOTTE,18,JACKSON
GRACE,19,ALEXANDER
ELLA,20,RYAN
TAYLOR,21,EVAN
AVERY,22,SAMUEL
LAUREN,23,LUKE
MYA,24,JAKE
HANNAH,25,GAVIN
JENNA,26,MASON
ALEXIS,27,ANDREW
MACKENZIE,28,RILEY
GRACIE,29,PARKER
NEVAEH,30,COLE
REBECCA,31,JAXON
SYDNEY,32,WILLIAM
JULIA,33,MICHAEL
AMELIA,34,DAWSON
PAIGE,35,MATTHEW
BRIANNA,36,HUNTER
HAILEY,37,CALEB
BELLA,38,CONNOR
ADDISON,39,BRAYDEN
BROOKE,40,LANDON
SARA,41,ALEX
ELIZABETH,42,TYLER
RACHEL,43,GABRIEL
NATALIE,44,NICHOLAS
MIA,45,REID
PAYTON,46,BRODY
MEGAN,47,ZACHARY
MORGAN,48,AIDEN
GEORGIA,49,THOMAS
MOLLY,50,SPENCER
KEIRA,51,JOHN
BROOKLYNN,52,MAX
JASMINE,53,AARON
SUMMER,54,JOSEPH
JESSICA,55,JADEN
ALLIE,56,ASHTON
KATIE,57,JORDAN
MARIA,58,ADAM
MILEY,59,KAIDEN
LILA,60,ISAAC
JORJA,61,DANIEL
CALLIE,62,JESSE
FAITH,63,DYLAN
ALEXA,64,EDWARD
ZOEY,65,CADEN
LILLY,66,KEEGAN
LAYLA,67,KADEN
KATELYN,68,HAYDEN
KAYLEE,69,CARSON
GABRIELLA,70,KYLE
LEXIE,71,CHARLES
LILLIAN,72,JOEL
JULIE,73,BLAKE
KATE,74,ERIC
SIERRA,75,JONAH
CHELSEA,76,OLIVER
JANE,77,CHRISTIAN
NORAH,78,XAVIER
LUCY,79,PATRICK
LACEY,80,AUSTIN
ALYSSA,81,ISAIAH
DAKOTA,82,JONATHAN
JORDYN,83,COHEN
KENDRA,84,SETH
ERIN,85,HENRY
MADELINE,86,ANTHONY
CIARA,87,AIDAN
WILLOW,88,BRADY
HAYLEY,89,KAYDEN
DESTINY,90,GRAYSON
CARLY,91,TANNER
AMY,92,COLIN
ZOE,93,MARCUS
AURORA,94,PETER
AMBER,95,ROWAN
MADDISON,96,ROBERT
ISABELLE,97,JOHNATHAN
ALLY,98,TYSON
MAGGIE,99,JUDE
ERICA,100,SKYLAR
JACK,1,EMMA
LIAM,2,LILY
JACOB,3,SOPHIE
CARTER,4,CLAIRE
LOGAN,5,ANNA
BENJAMIN,6,EMILY
NATHAN,7,AVA
ETHAN,8,OLIVIA
WILLIAM,9,BROOKLYN
LUKE,10,CHLOE
RYDER,11,MADISON
CAMERON,12,LAUREN
JACKSON,13,ELLA
OWEN,14,SOPHIA
NOAH,15,GRACIE
JAMES,16,PAIGE
BRAYDEN,17,PEYTON
JAYDEN,18,RACHEL
HUNTER,19,CHARLOTTE
MASON,20,LEAH
AVERY,21,TAYLOR
JAXON,22,MACKENZIE
ALEXANDER,23,GRACE
CHASE,24,ALLIE
HAYDEN,25,LAYLA
JOSHUA,26,ALEXIS
RYAN,27,BELLA
THOMAS,28,MYA
NICHOLAS,29,NEVAEH
GABRIEL,30,ALYSSA
SAMUEL,31,HANNAH
COLE,32,SARAH
LANDON,33,ISABELLA
PARKER,34,REBECCA
JESSE,35,HAILEY
EVAN,36,KAYLEE
MICHAEL,37,ADDISON
ZACHARY,38,SAMANTHA
GAVIN,39,CALLIE
JORDAN,40,JULIA
BLAKE,41,FAITH
JAKE,42,KATIE
MAX,43,AMELIA
CALEB,44,NATALIE
SPENCER,45,KATE
DYLAN,46,SYDNEY
AARON,47,ZOEY
AIDEN,48,MARIA
ALEX,49,VICTORIA
RILEY,50,BROOKE
QUINN,51,SUMMER
RYLAN,52,SARA
BRODY,53,GEORGIA
JONAH,54,LUCY
PATRICK,55,MAGGIE
GRAYSON,56,EVA
TYLER,57,MAYA
KEEGAN,58,KATHERINE
OLIVER,59,MORGAN
BENTLEY,60,KEIRA
CONNOR,61,CARLY
DAWSON,62,MOLLY
ANDREW,63,AUTUMN
DANIEL,64,MIA
CHARLIE,65,BROOKLYNN
ROBERT,66,JASMINE
KADEN,67,NORAH
AIDAN,68,JORJA
BRADY,69,KENDRA
HUDSON,70,KHLOE
REID,71,SAVANNAH
KALEB,72,RYLEE
ISAAC,73,HOLLY
COOPER,74,ELIZABETH
DOMINIC,75,LILLY
CHRISTIAN,76,BRIANNA
JOSEPH,77,GABRIELLE
KYLE,78,MADELINE
TYSON,79,ABBY
MAXWELL,80,ANNABELLE
ISAIAH,81,JULIE
JAXSON,82,JENNA
DAVID,83,WILLOW
CARSON,84,ELLIE
TANNER,85,ALEXA
NOLAN,86,AMBER
JOHN,87,SADIE
HARLEY,88,KAITLYN
MARCUS,89,RACHAEL
CHARLEY,90,MAKAYLA
CADEN,91,REESE
LELAND,92,KATELYN
ASHTON,93,DANIELLE
LINCOLN,94,LEXIE
HARRISON,95,KINSLEY
SHANE,96,MADDISON
TRISTAN,97,CHELSEA
JAMIE,98,MEGAN
SIMON,99,CHARLEE
DEVON,100,CAYLEE
Jaxen/Jaxson/Jaxon,1,Ava/Avah
Carter/Karter,2,Emma
Liam,3,Emilee/Emiley/Emily
Jacob,4,Lilly/Lily
Benjamin,5,Sofia/Sophia
Ethan,6,Sara/Sarah
Ayden/Aiden/Aiden,7,Abigail
Mason,8,Payton/Peyton
Jack,9,Avery/Averie
Logan,10,Claire/Clare
Wiliam,11,Madison
Noah,12,Sophie
Owen,13,Zoe/Zoey/Zoie/Zooey
Lucas,14,Isabella
James,15,Ella
Ryan,16,Brooklyn
Cameron,17,Charlotte
Jaden/Jayden,18,Olivia
Luke,19,Lea/Leah
Parker,20,Hailee/Hailey/Haley/Haleigh/Haylee/Hayley
Nathan/Nathen,21,Mya
Nicholas,22,Chloe/Khloe
Alexander,23,Caylee/Cayleigh/Kaylee/Kayleigh
Caleb/Kaleb,24,Lauren/Lauryn
Landin/Landon/Landyn,25,Rachael/Rachel
Ryder,26,Mackenzie/Makenzie/McKenzie
Chase/Chayse,27,Alexis
Reed/Reid,28,Amelia
Blake,29,Grace
Graysen/Grayson/Greyson,30,Paige
Matthew,31,Taylar/Tayler/Taylor
Brody,32,Alexa
Hayden,33,Nora/Norah
Hunter,34,Allie
Samuel,35,Alyssa
Connor,36,Brooke
Isaac,37,Gracie
Andrew,38,Julia
Austin,39,Kylee/Kyleigh/Kylie
Braden/Braeden/Brayden/Braydon,40,Mia
Joshua,41,Addison
Cayden/Kayden,42,Kate
Cole,43,Katherine/Kathryn
Jackson,44,Maria
Michael,45,Natalie
Riley,46,Callie
Bentley,47,Erin
Drew,48,Faith
Gabriel,49,Jada/Jayda/Jaydah
Rylan/Ryland,50,Lexi/Lexie
Zachary/Zackary,51,Molly
Evan,52,Anna
Gavin,53,Breanna/Brianna
Oliver,54,Nevaeh
Thomas,55,Quinn
Tyson/Tysen,56,Scarlett/Scartlette
Daniel,57,Charlee/Charley/Charlie
Dominic/Dominick,58,Georgia
Dylan,59,Jenna
Eric/Erik,60,Jordyn
Jake,61,Kaitlyn/Katelyn
Tyler,62,Layla/Laylah
Caden/Caiden,63,Macey/Maci/Macy
Colton,64,Madeline/Madelyn
Dawson,65,Rylee/Ryleigh/Rylie
Hudson,66,Samantha
Jesse,67,Savanna/Savannah
Keegan,68,Violet
Seth,69,Bella
Wyatt,70,Chelsea
Adam,71,Destiny
Alex,72,Katie
Carson,73,Kendra
Clark/Clarke,74,Lacee/Lacey/Laci/Lacie
Declan,75,Makayla
John,76,Rebecca/Rebekah
Jonah,77,Isla
Kyle,78,Jade/Jayde
Max,79,Jessica
Spencer,80,Jorja
Ben,81,Julie
Christopher,82,Keira
Damon,83,Lydia
Henry,84,Sierra/Sierrah
Jax,85,Summer
Joseph,86,Willow
Kai,87,Abby
Morgan,88,Amber
Lincoln/Lincon/Linkin,89,Ariana/Arianna
Preston,90,Elise
Charles,91,Eva
Danien,92,Hanna/Hannah
Joel,93,Hope
Jordan/Jorden,94,Jasmine
Nolan,95,Karlee/Karley/Karly
Rowan,96,Lilah
Sebastian,97,Maggie
Aaron,98,Mackenna/McKenna
Ashton,99,Megan/Meghan
Charlie,100,Morgan
Jackson/Jaxon/Jaxxon/Jaxxen/Jaxen,1,Emma
Jack,2,Sofia/Sophia
Liam,3,Ava/Avah
Owen,4,Emilee/Emily
William,5,Lily/Lilly/Lillie
Carter/Karter,6,Averee/Averie/Avery/Avierie
Chase,7,Chloe/Khloe
Ryan,8,Olivia
Aidan/Aiden/Ayden,9,Hailee/Hailey/Hailie/Haylee/Hayley/Hayleigh
Benjamin,10,Sarah/Sara
Luke,11,Sofie/Sophie
Nathan,12,Payton/Peyton
Ryder,13,Abigail/Abigale
Mason,14,Ella
Noah,15,Alley/Allie/Ally
Parker,16,Brooklyn/Brooklynn
Landon/Landen/Landyn,17,Madison
Alexander,18,Anna
Ethan,19,Lauren
Caden/Caeden/Caiden/Cayden/Kaden/Kaiden/Kayden,20,Addison/Addyson
Greyson/Grayson,21,Charlee/Charlei/Charleigh/Charley/Charlie
Logan/Logen,22,Charlotte
Reed/Reid,23,Paige
Blake,24,Georgia/Georgea/Jorja
Braeden/Brayden/Braydon,25,Grace
Conner/Connor,26,Isabella
Nicholas,27,Hanna/Hannah
Samuel,28,Kaylee/Kayleigh
Caleb/Kaleb,29,Kyelee/Kylee/Kylie/Kyleigh
Hunter,30,Leah
Isaac/Isaak,31,Lexi/Lexie
Zachary/Zackary/Zackery,32,Alexis
Bentley/Bently,33,Kate
Daniel,34,Rachael/Rachel
Aaron,35,Gracie
Brody/Brodi/Brodie,36,Mia/Myah
John,37,Nevaeh
Michael,38,Calleigh/Callie
Gabriel,39,Elle
Henry,40,Mackenzie/McKenzie/Makenzie
Oliver,41,Carley/Carly/Karlee
Gavin,42,Kaitlyn/Kaitlynn/Katelyn/Katelin/Katelynn/Kate-Lynn
Lincoln,43,Lila/Lilah
Matthew,44,Mia
Riley/Ryley,45,Mollie/Molly
Thomas,46,Zoe/Zoey
Carson,47,Amelia
Cole,48,Bella
Cooper,49,Elizabeth
Dylan,50,Lucy
Evan,51,Lydia
Joshua,52,Natalie
Spencer,53,Faith
Cameron,54,Quin/Quinn
Christopher,55,Sadie
Colton,56,Savanna/Savannah
Tyler,57,Aaliyah/Aliyah
Adam,58,Autumn
Andrew,59,Brianna
Nathaniel,60,Katie
Xander/Zander,61,Amber/Ambyr
Ashton,62,Annabel/Annabell/Annabelle/Anna-Belle
Charles,63,Ariana/Arianna/Aryanna
Eli,64,Bridget/Bridgette
Max,65,Julia
Tyson,66,Macey/Maci/Macie
Charlie,67,Makenna/Mckenna
Cody,68,Maria
David,69,Riley/Rylee
Dawson,70,Scarlett/Scarlette
Dominic,71,Violet
Eric,72,Alice
Hudson,73,Brooke
Jesse,74,Clara
Keegan,75,Gemma
Maxwell,76,Heidi
Rory,77,Keira
Rylan,78,Penelope
Austin,79,Abbie/Abby
Elijah,80,Aria/Ariah
Elliot/Elliott,81,Audrey
Jordan,82,Isla
Joseph,83,Jane
Xavier,84,Nora/Norah
Alex,85,Skylar/Skyler
Brady,86,Summer
Declan,87,Sydney
Harrison,88,Taylor
Joel,89,Tori
Johnathan/Jonathan,90,Aimee/Aimie/Amy
Nolan,91,Alana/Alanna
Philip/Phillip,92,Alyssa
Simon,93,Ariel/Arielle
Tanner,94,Bailey/Baylee/Baleigh
Ben,95,Chelsea
Christian,96,Destiny/Destiney
Colin,97,Jenna
Grant,98,Juliana/Julianna
Hayden,99,Layla/Laylah
Ian,100,Madelyn
Jackson/Jaxon/Jaxxon/Jaxxen/Jaxen,1,Olivia
Liam,2,Emma
Jack,3,Lily/Lilly/Lillie
Benjamin,4,Ava/Avah
Jaycob/Jakob/Jacob,5,Averee/Averie/Avery/Avierie
Luke,6,Ella
Mason,7,Emilee/Emily
Nathan,8,Chloe/Khloe
Noah,9,Madison
William,10,Sadie
James,11,Charlee/Charlei/Charleigh/Charley/Charlie
Carter/Karter,12,Abigail/Abigale
Ethan,13,Sofia/Sophia
Parker/Parrker,14,Alexis
Caleb/Kaleb,15,Addison/Addyson
Conner/Connor/Conor/Konner/Konnor,16,Zoe/Zoey
Logan/Logen,17,Hailee/Hailey/Hailie/Haylee/Hayley/Hayleigh
Jayden/Jaiden/Jaden,18,Madelyn
Alexander/Alexzander,19,Brooke
Hunter,20,Charlotte
Samuel,21,Claire/Clare
Ryder,22,Anna
Lukas/Lucas,23,Brooklyn/Brooklynn
Caden/Caeden/Caiden/Cayden/Kaden/Kaiden/Kayden,24,Calleigh/Callie
Blake,25,Leah
Greyson/Grayson,26,Natalie
Nicholas/Nicolas,27,Sarah/Sara
Oliver,28,Nevaeh
Owen,29,Quin/Quinn
Thomas,30,Sofie/Sophie
Wyatt,31,Grace
Henry,32,Lila/Lilah/Lyla/Lylah
Michael,33,Paige
Cameron,34,Payton/Peyton
Chase/Chayse,35,Rachael/Rachel
Landon/Landen/Landyn,36,Hanna/Hannah
Aidan/Aiden/Ayden,37,Kyelee/Kylee/Kylie/Kyleigh
Andrew,38,Skylar/Skyler
Dylan,39,Alley/Allie/Ally
Isaac/Isaak,40,Julia
Jesse,41,Kaylee/Kayleigh
John,42,Lauren
Matthew/Matthieu,43,Nora/Norah
Spencer,44,Amelia
Jayse/Jayce/Jase/Jace,45,Isabella
Jake,46,Kate
Patrick,47,Katie
Ashton/Ashtyn,48,Macey/Maci/Macie
Daniel,49,Mackenzie/McKenzie/Makenzie
Gavin,50,Savanna/Savannah
Reed/Reid,51,Gracie
Ryan,52,Mia
Carson/Karson,53,Aaliyah/Aliyah
Evan,54,Alyssa
Levi,55,Aria/Ariah
Brody/Brodi/Brodie,56,Carley/Carly/Karlee
Christopher/Kristopher,57,Georgia/Georgea/Jorja
Elliot/Elliott,58,Layla/Laylah
Eric/Erik,59,Lucy
Lincoln,60,Katherine/Kathryn
Riley/Ryley,61,Paislee/Paisley
Austin,62,Victoria
Braeden/Brayden/Braydon,63,Elizabeth
Cole,64,Isla
Colton/Kolton,65,Lexi/Lexie
Declan/Deklan,66,Lydia
Eli,67,Mia/Myah
Joshua,68,Taylor
Nolan,69,Aubree/Aubrey/Aubrie
Zachary/Zackary/Zackery,70,Ellie
Brady,71,Lillian
Charlie,72,Mila
Harrison,73,Ariana/Arianna/Aryanna
Keegan/Keeghan,74,Autumn
Nathaniel,75,Jane
Isaiah,76,Kaitlyn/Kaitlynn/Katelyn/Katelin/Katelynn/Kate-Lynn
Kyle,77,Summer
Nate,78,Jada/Jayda
Ben,79,Rebecca/Rebekah
Charles,80,Annabel/Annabell/Annabelle/Anna-Belle
Dominic/Domenik/Dominick,81,Gemma
Hudson,82,Keira
Joseph,83,Maria
Max,84,Riley/Rylee
Simon,85,Alexa/Alexah
Tyson,86,Kinsley
Kai,87,Abbie/Abby
Adam,88,Faith
Gabriel,89,Makenna/Mckenna
Johnathan/Jonathan,90,Scarlett/Scarlette
Philip/Phillip,91,Sydney
Rylan,92,Evelyn
Tyler/Tylor,93,Kennedi/Kennedy
Preston,94,Samantha
Sebastian,95,Willow
Seth,96,Amber/Ambyr
Stephen/Steven,97,Ariel/Arielle
Alex,98,Bella
Dawson,99,Brianna
Hayden,100,Bridget/Bridgette
Jackson/Jaxon/Jaxson/Jaxxon/Jaxzyn,1,Emma
Jack,2,Averie/Avery
Liam,3,Sofia/Sophia
Benjamin/Benjamen,4,Charlotte
Jacob/Jakob,5,Lily/Lilly/Lillie
Parker,6,Mia/Miah/Mya/Myah
Nathan/Nathon,7,Avah/Ava
James,8,Anna/Ana
Noah,9,Olivia/Olivea
Carter,10,Chloe/Khloe
Owen,11,Ella
Mason,12,Emilie/Emily/Emmalee
Hunter,13,Nora/Norah
William,14,Leah/Leia
Caleb/Kaleb,15,Sadey/Sadie
Caden/Caiden/Cayden/Kaden/Kaeden/Kayden/Kaiden,16,Sara/Sarah
Conner/Connor/Conor/Konner/Konnor,17,Paige
Greyson/Graysen/Grayson,18,Claire
Lucas/Lukas,19,Zoe/Zoey
Colton/Kolten/Kolton,20,Amelia/Ameliah/Amilia/Emilia
Lincoln/Linken,21,Calee/Caleigh/Cali/Calleigh/Callie/Kallie/Kali/Kalleigh
Logan,22,Grace
Aaden/Aiden/Aidan/Ayden,23,Kaylee/Kayleigh/Kayley/Kaylie/Kailee
Alexzander/Alexander,24,Kendall/Kendell/Kendyl
Luke,25,Payton/Peyton
Evan,26,Abagail/Abbigail/Abigale/Abigail
Hudson,27,Brooklyn/Brooklynn
Max,28,Kylee/Kyleigh/Kylie
Michael/Micheal/Mikaal/Mikhail,29,Rachel/Rachael
Oliver/Olyver,30,Addison/Addysen
Brodie/Brody,31,Hailee/Hailey/Haleigh/Hayleigh/Hayley/Hayley
Riley/Rylee/Ryley,32,Isabella/Izabella
Blake,33,Lexi/Lexie
Chase,34,Macey/Maci/Macie/Macy
Ethan,35,Allie/Ally/Aly
Landen/Landon,36,Hana/Hannah
Henry,37,Isla
Isaac/Issac,38,Layla/Lela
Jake,39,Maddison/Maddisyn/Madison/Madisyn
Ryder,40,Quin/Quinn
Jayden/Jaydan/Jaydhen/Jaden/Jeydon,41,Sofie/Sofia
Ryan,42,Aria/Ariyah/Arya
Daniel,43,Charlee/Charleigh/Charley/Charli/Charlie
Gabriel,44,Georgia/Jorja
Reed/Reid,45,Julia
Zachari/Zachary/Zachery,46,Katie
John,47,Lila/Lilah/Lyla
Joshua,48,Lucy
Matthew,49,Paislee/Paisleigh/Paisley
Bentley,50,Scarlet/Scarlett/Scarlotte
Cameron/Camran,51,Alexis
Simon,52,Ellie
Alex ,53,Evelyn
Dawson,54,Kate
Dominic,55,Lauren
Harrison,56,Maria
Joseph,57,Skylar/Skyler
Keegan,58,Catherine/Katherine/Kathryn
Nicholas/Nicolas/Niklas/Nikolas,59,Gracie
Samuel,60,Nevaeh
Ashton,61,Taylor
Brayden,62,Adalyn/Addilyn/Adelyn/Adelynn
Declan/Deklan,63,Aubree/Aubrey
Elijah,64,Lydia
Eric/Erik,65,Penelope
Finley/Finlay/Finnley,66,Rebecca/Rebekah
Gavin,67,Savannah
Jace/Jase/Jayce,68,Cassidy/Kassidy
Levi,69,Eva
Maxwell,70,Harper
Patrick,71,Mackenzie/Makenzie/Mckenzie
Spencer,72,Madalyn/Madelyn
Adam,73,Maggie
Carson/Karson,74,Ryleigh/Rylie/Riley
Charley/Charlie,75,Violet
Christian/Kristian,76,Audrey
Cooper,77,Bailee/Bailey/Baylee
Hayden,78,Carlee/Carleigh/Carley/Carlie/Carly/Karlee
Aaron/Aron,79,Clara
Abel/Able,80,Natalie/Nathalie
Andrew,81,Shelby
Austin,82,Stella 
David,83,Willow
Eli,84,Alaina/Alayna
Elliot/Elliott,85,Allison
Felix,86,Alysa/Alyssa
George,87,Ariana/Arianna
Marcus/Markus,88,Brianna
Nolan,89,Elizabeth
Rylan/Rilan/Rilen,90,Isabelle
Thomas,91,Ivie/Ivy
Tyson,92,Jenna/Jena
Weston,93,Jordan/Jordyn
Anthony,94,Kenzi/Kenzie
Ben,95,Lilian/Lillian
Casey/Kacey,96,Autum/Autumn
Colin/Collin,97,Bria/Briea
Drew,98,Brielle
Jax/Jaxx,99,Delilah
Jonah,100,Faith
Jackson/Jaxen/Jaxon/Jaxson/Jaxxen/Jaxxon,1,Emma
Liam,2,Avary/Avery
Benjamin,3,Charlotte
Jack,4,Olivia
James,5,Addison/Addyson
Mason,6,Scarlett
Grayson/Greyson,7,Abbigail/Abigail/Abigale
Jacob,8,Anna
Noah,9,Cali/Callie/Kali/Kallee/Kallie
Isaac/Isac/Issac,10,Emilee/Emily
Owen,11,Amelia/Emelia/Emilia
William,12,Ava/Avah
Alexander,13,Clare/Claire
Aidan/Aiden/Aidyn/Ayden,14,Nora/Norah
Ethan,15,Kate
Hunter,16,Sofia/Sophia
Lincoln,17,Hana/Hanna/Hannah
Luke,18,Lily/Lilly
Oliver,19,Isabella/Izabella
Conner/Connor/Conor/Konnor,20,Sadie
Logan,21,Lea/Leah/Leia/Leiyah/Lia/Leya
Lucas/Lukas,22,Payton/Peyton
Parker,23,Sofie/Sophie
Thomas,24,Charlee/Charleigh/Charley/Charlie
Max/Maxx,25,Lila/Lilah/Lyla/Lylah
Landen/Landon,26,Paige
Nathan,27,Ella
Samuel,28,Grace
Caleb/Kaleb,29,Sara/Sarah
Carter/Karter,30,Willow
Hudson,31,Brooklyn/Brooklynn
Blake,32,Hailey/Haley/Haleigh/Haylee/Hayley
Henry,33,Kaylee/Caylee
Jake,34,Lexi/Lexie
Jaiden/Jayden,35,Macey/Maci/Macie/Macy
Wyatt,36,Madison
Zacary/Zacharie/Zachary/Zackary,37,Aria/Ariah/Ariea
Bentley/Bently,38,Chloe/Khloe
Declan,39,Georgia/Jorja
Austen/Austin,40,Katherine/Catherine/Kathryn
Daniel,41,Mia/Mya
Dominic,42,Evelyn/Evelynn
Elliot/Elliott,43,Lauren
Gabriel,44,Layla
Jace/Jase/Jayce,45,Maggie
Rielly/Riley/Rylee,46,Riley/Rylee/Ryleigh
Charlie,47,Zoe/Zoey
Chase,48,Alexis
Gavin,49,Brielle
Ryan,50,Carleigh/Carley/Carly/Karlee
Ryder,51,Ellie
Brayden,52,Gracee/Gracie
Cameron,53,Isabel/Isabell/Isabelle
Harrison,54,Julia
Hayden,55,Mackenzie/Makenzie
Reed/Reid,56,Maria
Sawyer,57,Violet
Alex,58,Alexa
Brody/Brodie,59,Ariana/Arianna
Dylan,60,Harper
Eric/Erik,61,Katie
Joseph,62,Lucy
Kaiden/Kayden,63,Raya/Rayah/Rhea
Maxwell,64,Adalynn/Adaelyn/Adelyn/Adelynn/Adilyn
Miles/Myles,65,Alice
Patrick,66,Aubree
Rory,67,Elizabeth/Elisabeth
Aaron,68,Lacee/Lacey/Lacie/Lacy
Andrew,69,Lillian
Carson/Karson,70,Lydia
Easton,71,Morgan
Evan,72,Nevaeh
Finn,73,Quinn
Jesse,74,Skylar/Skyler
John,75,Brook/Brooke
Matthew,76,Faith
Nathanael/Nathaniel,77,Isla
Nolan,78,Josie/Jozie
Abel,79,London/Londynn
Charles,80,Maddie
Darcy,81,Paisley/Paizley
David,82,Taylor
Drew/Dru,83,Briana/Brianna
Eli,84,Bridget
Emerson,85,Daisy
Ezra,86,Everleigh/Everley/Everly
Jonah,87,Fiohna/Fiona
Joshua,88,Ivy
Keagan/Keegan,89,Kenzie
Leo,90,Kinley/Kinnley
Ronan,91,Maisie/Maisy
Wesley,92,Mallory
Christopher,93,Rachael/Rachel
Cole,94,Ruby
Cooper,95,Sage
Damien/Damian,96,Samantha
Dawson,97,Savannah
Elijah,98,Stella
Everett,99,Eva
Finley,100,Alyssa
BENJAMIN / BENJAMYN,1,AVA
JACK / JAK,2,CHARLOTTE / CHARLETTE
JACKSON / JAXON / JAXSON / JAXIN,3,OLIVIA
CONNOR / CONOR / CONNER,4,LILLY / LILY / LILLEI
GRAYSON / GREYSON / GREYCEN,5,EMMA
WILLIAM,6,MIA / MIYA / MYAH / MYA
LUKE,7,CALLIE  / CALI / CALLEIGH / KALLIE / KALI 
JACOB / JAKOB,8,AMELIA / EMILIA
NOAH,9,EMILY
LIAM,10,AVERY / AVERI
ETHAN,11,ABIGAIL / ABEGALE
JAMES,12,ADALINE / ADALYN / ADDILYN / ADAYLNN / ADELYN / ADELINE
THOMAS,13,SARAH / SARA
CARTER,14,CLAIRE / KLAIRE
HUNTER,15,HARPER
LINCOLN,16,LUCY
HUDSON,17,SOPHIA / SOFIA
OLIVER,18,CHLOE / KHLOE
OWEN,19,ELLIE / ELLI
SAMUEL,20,LAUREN
AIDEN / AIDAN / ADEN,21,MADELYN / MADELEINE / MADELINE / MADILYN
ISAAC,22,RACHEL / RACHAEL
NATHAN,23,MADISON
CHARLIE / CHARLYE,24,ELLA
DAWSON,25,EVELYN
MICHAEL / MICHEAL,26,GRACE
ALEXANDER,27,KATE
BLAKE,28,SCARLETT
PARKER,29,ZOE / ZOEY
ELLIOT / ELLIOTT,30,ADDISON / ADDYSON
KAYDEN / KADEN / CADEN / KAIDEN,31,ANNA
CAMERON,32,ARYA / AARJYA / ARIA / ARIAH
COLTON / KOLTON / COLTEN,33,BROOKLYN / BROOKLYNN / BROOK-LYNN
HENRY,34,GRACIE / GRAYCEE
LEVI,35,LEAH / LEIA / LEIGHA / LIA 
LOGAN,36,NORA / NORAH
RILEY,37,RILEY / RYLEE / RYLEIGH
BRODY / BRODIE,38,SADIE
DANIEL,39,CATHERINE / KATHERINE
JAXON,40,ISABELLA
LANDON / LANDEN,41,ISLA / IYLA
MASON,42,MACI / MACIE / MACY / MAECY
SPENCER,43,MOLLY
WYATT,44,QUINN
CASEY / KASEY,45,CARLEE / CARLEIGH / CARLIE / CARLY / KARLEY / KARLEE / KARLIE
ELI,46,HAILEY / HALEY / HAYLEE / HAYLEY
GABRIEL,47,HANNAH
JAKE,48,JADE / JAYDE
LUCAS,49,LAYLA / LAILA
RYDER,50,KATIE / KADIE
THEODORE,51,LYLA / LILA / LILAH
DECLAN,52,MYA
JASPER,53,NATALIE
JAXSON,54,PAISLEY / PAISLEE
LEO,55,SOPHIE
NATE,56,TESSA
NICHOLAS / NIKOLAS,57,ALEXA
CALEB / KALEB,58,ALEXIS / ALEXSIS
CARSON / KARSON / KARSEN,59,CASEY / KACEY / KASEY / KAYCEE
CHARLES,60,CLARA
CLARK / CLARKE,61,JADA / JADA / JAYDA
COOPER / KOOPER ,62,MILA / MYLA
MAVERICK / MAVRICK,63,KAYLEE / KAYLEIGH
NOLAN / NOLEN,64,EVA
PATRICK,65,GEORGIA / JORJA
WESLEY,66,JORDYN / JORDAN
CHASE / CHAYSE,67,JULIA
COLE / KOLE,68,KEIRA / KIERA / KIRA / KYRA
DEACON,69,KINSLEY / KINSLEIGH
FINLEY / FINLAY / FINNLEY,70,WILLOW
GEORGE,71,ALLIE
JESSE,72,ARIANA / ARIANNA / ARIYANA / ARYANNA
RYLAN,73,AUBREE
ZACHARY / ZACHARIE,74,AUDREY
ANDREW,75,AURORA
BRAYDEN / BRADEN,76,AUTUMN
EVAN,77,EMERY
FELIX,78,JENNA / JENA
HARRISON,79,LEXI / LEXIE
JOHN / JON,80,LILLIAN / LILIAN
JOSHUA,81,LYDIA
MATTHEW,82,MACKENZIE
NASH,83,NEVAEH
SAM,84,RAYA / RAYAH / RAIA
ALEX,85,ROSE
AUSTIN / AUSTON,86,ALLISON
BENNETT,87,ALYSSA
BENTLEY / BENTLEE,88,BLAIR / BLAIRE
DOMINIC,89,EVERLY / EVERLEIGH
DYLAN / DYLLAN,90,HARLEY / HARLIE
EASTON,91,ISABELLE
ELIJAH,92,JAYLA / JAYLAH
ERIC,93,KENNEDY / KENADI
ISAIAH,94,MADDISON / MADYSYN
JOEL,95,MARIA
REID / REED,96,PAYTON / PEYTON
RONAN / RONIN,97,SAVANNAH
RYAN,98,SYDNEY
JASE / JAYCE / JACE,99,ELEANOR
FINN / FYNN,100,ELIZABETH
JACK,1,CHARLOTTE
WILLIAM,2,LILY/LILLY
LIAM,3,EMMA
GRAYSON/GRAYSIN/GREYSON,4,OLIVIA
JACKSON/JAXYN/JAXXSON/JAXSIN/JAXSON/JAXON,5,LAYLA/LAYLAH/LEILA/LAILA
OWEN,6,NORAH/NORA
BENJAMIN,7,CALLIE/CALI/KALEY/KAILEE/KAYLEE/KALLIE
JACOB/JAKOB,8,SOPHIA/SOFIA
PARKER,9,SADIE/SAYDEE
LUKE,10,EMILY
LOGAN,11,CLAIRE
LINCOLN/LINKON/LINKIN,12,AVA
JAMES,13,ANNA
ALEXANDER/ALEXZANDER,14,AMELIA/EMILIA
CALEB/KALEB,15,MADELYN/MADILYN/MADILYNN/MADELINE/MADALYN/MADELEINE
WYATT,16,ZOEY/ZOË/ZOE
NOAH,17,SCARLETT
HENRY,18,SARAH/SARA
MASON,19,KATE
CONNOR/KONNER/CONOR/CONNER,20,ADDISON/ADDYSON/ADDISYN
ISAAC/ISSAC,21,MADISON/MADDISON
NATHAN,22,LEAH/LEA
LANDON/LANDYN/LANDEN,23,LAUREN
OLIVER,24,ELLIE
HARRISON,25,ELLA
THOMAS,26,AVERY/AVERIE
LUCAS,27,ABIGAIL
JAKE,28,RILEY/RYLEE
HUDSON,29,QUINN
MAX,30,MCKENNA/MAKENNA/MACKENNA
KAYDEN/CADEN,31,LILA/LYLA/LILAH
CARTER/KARTER,32,HARPER
AIDEN/AYDEN/AIDAN,33,MYA/MAYA/MAIA
LEVI,34,HANNAH
JESSE,35,GRACE
DANIEL,36,EVERLY/EVERLEIGH
SAMUEL,37,CHLOE/KHLOE
RYAN,38,ADALYNN/ADELYN/ADELINE/ADDILYN/ADALYN/ADALINE
ROWAN,39,NATALIE/NATALEE
JOHN/JON,40,HAILEY/HAYLEE/HALEY/HALLIE
HUNTER,41,WILLOW
COLE,42,PEYTON
BLAKE,43,LUCY
REID/REED,44,ISABELLA
GABRIEL,45,AUDREY
DECLAN/DEKLYN,46,PAIGE
NICHOLAS,47,LYDIA
LEO,48,KATELYN/KAITLYN/CAITLIN
KANE/CAIN,49,GRACIE
ETHAN,50,EVELYN
ELIJAH,51,ELENA/ELLAYNA
DAWSON,52,BROOKLYN/BROOKLYNN
COHEN/COEN/KOHEN/KOEN,53,BRIA/BREAH/BREA/BRAIYA
ALEX,54,ARIA/ARYA/ARAYA
ADAM,55,ALYSSA/ALYISSA
ZACHARY/ZAYKERY/ZAKHARY,56,VIOLET
THEODORE,57,TESSA
SPENCER,58,PAISLEY/PAISLEE
RYLAN,59,MIA/MEA
MICHAEL,60,MACY/MACI/MACIE
MAXWELL,61,KYLIE
MATTHEW,62,KINSLEY
LOUIS/LEWIS,63,KATIE
JOSEPH/JOESPH,64,JULIA
JAYDEN,65,GEORGIA/JORJA
DAVID,66,ELIZABETH
DAMON,67,RACHEL
COLTON/KOLTON,68,MILA
WESLEY,69,MAGGIE
RILEY,70,MADDIE/MADI
JASPER,71,MACKENZIE/MCKENZIE
JACE/JAYCE,72,LILLIAN
HAYDEN/HAYDN,73,LEXI/LEXY/LEXIE
GAVIN,74,JANE/JAYNE
DAMIAN/DAMIEN,75,JADE/JAYDE
CARSON/KARSYN/KARSON,76,ISABELLE/IZZABELLE
BRAYDEN/BRADYN/BRADEN,77,HAZEL
BENTLEY,78,GABRIELLA
AUSTIN,79,FREYA/FREIYA
ASHER,80,EVE
RYKER,81,ELSIE
NOLAN,82,BRIELLE
NIXON,83,ARIEL
MYLES,84,ARIANNA/ARIANA
KALEB,85,ALLIE/ALLY
JOSHUA,86,ALEXA
FINLEY/FINNLEY,87,ALANA/ALAYNA/ALANNA
FELIX,88,STELLA
EVAN,89,SOPHIE
ERIC,90,SKYLAR
ELI,91,SARA
CHASE,92,PIPER
CHARLIE,93,MARA
CAMERON/KAMERON/KAMRYN,94,MAISIE/MAISY
BEAU/BOW,95,LENA
TOBY,96,JOSIE
SAWYER,97,ISLA
RYDER,98,EMBERLY
ROMAN,99,CASEY/KASEY
KEVIN,100,BRIANNA/BRIENNA
JACKSON/JAXON/JAXSEN/JAXSON,1,EMMA
LIAM,2,CHARLOTTE
JACK,3,AMELIA/AMELYA/EMILIA
BENJAMIN,4,OLIVIA
NOAH,5,CALLIE/CALI/CALLEIGH/KALLIE/KAYLEE/CAYLEE/KAILEY/KALEY/KAYLEIGH
JAMES,6,EMILY/EMILIE
GRAYSON/GREYSON,7,ADALYNN/ADALINE/ADALYN/ADELINE/ADELYN/ADELYNN/ADDILYN
OWEN,8,SCARLET/SCARLETT
LUKE,9,AVA/AVAEAH
OLIVER,10,CHLOE/KHLOE/KLOÉ
LINCOLN/LINCON,11,SOPHIA/SOFIA/SOFIYA
ALEXANDER/ALEKSANDAR,12,SOPHIE/SOFI
LOGAN,13,EVELYN/EVELYNN
WILLIAM,14,MADDILYN/MADELINE/MADELYN/MADELYNN/MADILYN
HUDSON,15,LILLY/LILY/LILEIGH
HARRISON,16,ABIGAIL
RYDER,17,NORA/NORAH
ETHAN,18,CLAIRE/CLARE
JACOB,19,ELLA
THOMAS,20,EVERLEIGH/EVERLEE/EVERLY
HENRY,21,ISABELLA
LUCAS,22,LIA/LEAH/LEIGHA
SAMUEL,23,LUCI/LUCY
CALEB/KALEB/KAYLEB,24,MACI/MACIEMACY
LEVI,25,SADIE
MAX,26,ADDISON
THEODORE,27,ANNA
COLTON/KOLTON,28,AVERY/AVERIE
GABRIEL,29,HANNAH
CONNOR/CONNER,30,HARPER
CHARLIE,31,HAYLEY/HAILEY/HALLIE
LEO,32,SARA/SARAH
PARKER,33,ELLIE/ELLEE
AIDEN/AIDAN/AYDEN,34,KATE
CAIDEN/KAYDEN/KAIDEN/KADEN,35,LAUREN/LAURYN
MASON,36,LAYLA
WESLEY,37,PAYTON/PAITYN/PEYTON
WYATT,38,CHARLEE/CHARLEY/CHARLIE/CHARLIEE
CARTER/KARTER,39,GRACE
DAWSON,40,ISLA
EVAN,41,MADDISON/MADISON/MADYSYN
HUNTER,42,IVY
ISAAC,43,MAGGIE
AUSTIN/AUSTON,44,PAIGE
FINLEY/FINNLEY,45,RILEY/RYLEE/RYLEIGH/RYLIE
JAYDEN/JADEN/JADON,46,ALICE
BLAKE,47,BROOKLYN
ELI,48,LEXI/LEXIE
COLE/KOLE,49,PAISLEE/PAISLEY
NATHAN/NATHYN,50,CARLY/CARLIE/KARLEE/KARLIE/KARLY/CARLEE
ZACHARY/ZACKARY,51,JULIA
ELLIOTT/ELLIOT,52,KATIE
ANDREW,53,QUINN
DANIEL,54,RACHAEL/RACHEL
JAMESON,55,VIOLET
NOLAN,56,ARIA/ARIAH
ALEX,57,AUBREE
ASHER,58,BROOKE
BRAYDEN,59,ELIZABETH
CHARLES,60,EVA
ELIJAH,61,FREYA/FREYJA
JASPER,62,JENNA
JOSEPH,63,KINSLEY
MAXWELL,64,MAKENNA/MCKENNA
MICHAEL,65,NATALIE
BEN,66,HAZEL
GREYSON,67,ISABEL/ISABELLE
HAYDEN,68,LYDIA
JAKE,69,MILA
JUDE,70,NEVAEH
MATTHEW,71,ROSE
MYLES,72,TAYLOR
REID,73,BRIA
ROBERT,74,BRIDGET
RYAN,75,BRIELLE
SEBASTIAN,76,GRACIE
SPENCER,77,JANE
THEO,78,MIA
AXEL/AXL,79,REMI
CARSON/KARSON,80,SAMANTHA
KAI/KYE,81,SAVANAH/SAVANNA/SAVANNAH
BRODY,82,SUMMER
CAMERON,83,TESSA
CHASE,84,VICTORIA
COOPER,85,WILLOW
DAVID,86,ZOEY
DECLAN,87,ALEXA
EMERSON,88,ALLIE
EZRA,89,AUDREY
JACE,90,BELLA
SIMON,91,BRIANNA
CALLUM/CALUM/KALEM/KALLUM,92,CADENCE/KADENCE/KAYDENCE
COHEN/KOHEN,93,CAROLINE
JOHN/JON,94,CATHERINE/KATHERINE/KATHRYN
EMMET/EMMETT/EMMIT,95,HAVEN
ARCHER,96,JADE/JAYDE
BEAU,97,JOSIE
CHRISTOPHER,98,LILLIAN
EDWARD,99,MADDIE
FINN,100,MARY
JAXSON/JAXON/JACKSON,1,AMELIA/EMILIA
JACK,2,OLIVIA/OHLIVEA
WILLIAM,3,NORAH/NORA
LIAM,4,MADELYN/MADALINE/MADALYN/MADELINE/MADELYNN/MADILYN
JAMES,5,LILY/LILLY
BENJAMIN,6,EMILY/EMMALEE
LUKE/LUC,7,ELLIE
LINCOLN/LINCON/LINKIN,8,EMMA
GREYSON/GRAYSON/GRAYSEN,9,ELLA
THOMAS,10,AVA
OWEN,11,CHARLOTTE
NOAH,12,CLAIRE/CLARE
LEVI,13,PAISLEY/PAISLEE/PAISLEIGH
LOGAN,14,MIA/MYA
HENRY,15,GRACE
LUCAS/LUKAS,16,EVERLY/EVERLEIGH
CONNOR/CONNER,17,SOPHIA
OLIVER,18,KINSLEY
JACOB/JAKOB,19,EVELYN/EVELAN
CARTER/KARTER,20,ANNA
CADEN/CAEDEN/CAIDEN/CAYDEN/KADEN/KAEDON/KAIDEN/KAYDEN,21,RILEY/RYLEE/RYLEIGH
THEODORE,22,RACHEL/RACHAEL
LEO,23,LEAH/LIA
WYATT/WHYATT,24,IVY
SAMUEL,25,HANNAH
HUDSON,26,CHLOE/KHLOE/KLOE
ALEXANDER,27,ADALYNN/ADALYN/ADDALYN/ADELYN/ADELYNN
ISAAC/ISSAC,28,ZOEY/ZOE
COLTON/COLTAN/KOLTON,29,SADIE
CHARLES,30,MILA/MYLA/MYLAH
CALEB/KALEB/KALUB,31,MACY/MACIE/MACI
AIDEN/AIDAN/AYDIN,32,CALLIE/CALEIGH/CALI/KAILEY/KALEY/KALLIE/KAYLEIGH
WESTON,33,BROOKLYN/BROOKLYNN
RILEY/REILLY,34,SCARLETT
PARKER,35,SARAH/SARA
MYLES/MILES,36,LILLIAN
ETHAN,37,LAYLA/LEILA
CHARLIE/CHARLEY,38,KEAIRA/KEIRA/KIERA/KIARA/KIRA
NATHAN,39,HAZEL
HARRISON,40,HARPER
JOHN/JON,41,AVERY
JAYDEN/JADEN,42,ABIGAIL/ABIGAYLE
HUNTER,43,AALIYAH/ALEAH
GABRIEL,44,SOPHIE/SOFIE
CHASE,45,MADISON/MADDISON/MADISYN
BRAYDEN/BRADON,46,LUCY
THEO,47,ISLA/IYLA
ROWAN,48,ISABELLA/IZABELLA/IZSABELLA
MASON,49,CATHERINE/KATHERINE
FINLEY/FINNLEE/FINNLEY,50,WILLOW
DOMINIC/DOMINIK,51,SKYLAR/SKYLER
DECLAN,52,SAVANNAH
AARON/AARIYAN/AARYAN/ARIN/ARYAN,53,QUINN
RYAN,54,LYDIA
NASH,55,LILA/LILAH
MICHAEL,56,ELEANOR
MAX,57,CLARA/CLAIRA
MATEO/MATTEO,58,CHARLIE/CHARLEE/CHARLEIGH
JOSEPH,59,AUBREY/AUBREE/AUBRIE
EMERSON,60,VIOLET
ELLIOT/ELLIOTT,61,NATALIE
DAWSON,62,LYLA
DANIEL,63,LEXI/LEXIE
COLE,64,LAUREN
CAMERON/CAMARON,65,KATIE
SIMON,66,HAILEY/HALLIE/HAYLEE
PATRICK,67,GEORGIA/JORJA
NIXON,68,AUTUMN
NICHOLAS/NIKOLAS,69,AURORA
MAXWELL,70,SUMMER
LUCA/LUKA,71,PEYTON/PAYTON
JESSE,72,OAKLIN/OAKLYN/OAKLYNN
HAYDEN,73,MOLLY
ELI,74,JOSIE
ZACKARY/ZACHARY,75,JADE
TANNER,76,ELSIE
RYDER,77,ELIZABETH
RONAN/RONIN,78,DELILAH
REID,79,REBECCA
NOLAN,80,PAIGE
MAVERICK,81,MACKENZIE
JOSHUA,82,LENNON
JAKE,83,LENA
GAVIN,84,KYLEIGH/KYLIE
EZRA,85,KAYLEE
DREW,86,KARLEE
DAVID,87,KACI/KACIE/KASEY
CHRISTOPHER,88,JANE
CALLUM/KALUM,89,JAELYNN/JAELYN/JAYLEN
BRODY,90,ISABELLE/ISABELL
ALEX,91,GRACIE
AXL/AXEL,92,BRYNLEE/BRYNNLEY
WESLEY,93,AUDREY
NATE,94,ARIA/ARIEA/ARYA
LANDON,95,ANNIE
JAYCE,96,ANDI
HARVEY,97,ALICE
FINN,98,ADDISON
EVAN,99,HEIDI
ELIJAH,100,FIONA